feature_0,feature_1,feature_2,feature_3,feature_4
0.9522863021423206,0.8918555886619215,-0.5272472533199309,-0.6142369295583736,1.5576787457501153
0.47313020436210573,0.4071767925034859,0.40809052912141724,0.3287072975263992,-0.8227281245461451
-0.7353400324339223,0.714313505436133,-1.239078681606471,3.946349091822788,0.3674753106019852
-0.662925862602565,0.02649789997418865,-0.13945969445061424,-1.1741100643899578,-0.8227281245461451
2.0808188189946417,-0.7760673940695373,-0.9497307444226655,0.4103082402548895,-0.8227281245461451
0.9372392019176229,-0.3927437131788751,-0.26614019120983745,-0.8227726720867369,-0.8227281245461451
-0.6140227868722976,-0.40281097210277855,-1.10642725697452,0.8704468895294301,-0.8227281245461451
-0.7912964363945166,0.6124464956468051,0.9083574589986048,-0.5893033081691128,-0.8227281245461451
-0.017311218586632593,-1.1360998742294734,1.317285330065957,-0.8477062934759978,-0.8227281245461451
-0.4188807058332504,-0.6636212308347513,0.7621504143312718,1.4779205742859665,-0.8227281245461451
-0.3633945237546779,-1.0765494782219767,-1.0576915754187424,-0.7479718079189545,1.5576787457501153
-1.344747591534176,0.7412732835713323,0.7261634706659126,-0.43290150127284044,-0.8227281245461451
1.5146716730403942,1.045509260881838,0.30271172098922255,-0.47143527978351624,-0.8227281245461451
-0.9140243476022066,-2.282487655250579,1.052466610089033,1.6683227739857762,1.5576787457501153
-0.9121434600741194,-0.4027256563491857,0.8655927053155548,-0.3581006371050579,1.5576787457501153
1.985363776944217,-0.1911425874400292,-0.26936771978969054,-0.8477062934759978,0.3674753106019852
1.4676494848382142,-0.5394014936042141,0.6780732948261057,-0.23116583730518453,-0.8227281245461451
0.9541671896704077,-0.5277985511156472,0.03821575387028351,1.824724580882049,0.3674753106019852
-1.2234303459725513,-1.5965489963676671,0.26123797873811344,-0.32410024430152035,-0.8227281245461451
0.07767360158177114,0.001585699925207136,-0.8903442185533734,1.455253645750275,-0.8227281245461451
0.30290988307021366,-1.2742260792955724,0.3049709909951193,0.004570219466008548,-0.8227281245461451
-0.44944512816466736,-0.15283581407704064,0.4258419363106077,0.12923832641231284,-0.8227281245461451
0.7980535248391698,-0.4868469893912942,-1.9016902990502556,-0.16316505169810958,-0.8227281245461451
0.05886472630089917,-0.005154244608592796,-0.3500559342860111,2.8107359721846357,-0.8227281245461451
0.1467962182389758,0.333549297153243,0.07565508539657614,-0.3286336300086588,-0.8227281245461451
-0.4978779820129129,-1.564982167538478,-1.1601656078290694,1.5935219098179938,1.5576787457501153
1.5687471894729015,-0.030151760411166635,1.073606922287069,0.01363699088028522,0.3674753106019852
-1.2869103000454944,0.4244958904827437,-0.08152555644225601,0.018170376587423657,-0.8227281245461451
-0.18188887729426284,0.31861904027457266,0.5888321295931751,1.0517823178149635,-0.8227281245461451
-1.1199815319277553,0.8344380864942353,-0.04731375349581602,0.46924225444768775,1.5576787457501153
-0.526091294934221,-0.0014003514505271275,-0.1300998615690413,-1.1015758930757444,0.3674753106019852
-0.2571243784177509,-0.5272866565940928,-1.709975101406998,-0.5553029153655754,1.5576787457501153
-0.13909868603027897,0.3895164315098587,0.049350727470775714,-0.6573040937761879,1.5576787457501153
-0.24207727819305322,0.24302928259170484,-0.15559733734987835,1.7317901738857133,0.3674753106019852
0.3522831806825029,0.8937325352409546,-0.30616154560001274,-0.28556646579084455,-0.8227281245461451
-0.6140227868722976,0.12589075290933677,-0.6105174906801337,-0.45783512266210113,-0.8227281245461451
-0.6746814096531101,-0.8053306975517307,1.2885603257052674,1.4801872671395355,-0.8227281245461451
0.47454087000817086,0.547009312641433,0.16747827349338937,0.5553765828833158,-0.8227281245461451
-0.30837856355812715,0.6470846916053202,-1.3200896489607767,-1.0245083360543927,-0.8227281245461451
-1.3795440108037893,-1.0504428576227018,-1.1662979121307897,-0.19943213735521625,-0.8227281245461451
-0.4978779820129129,0.7537293835958228,-1.0041146009931854,-0.17676520881952468,-0.8227281245461451
-0.8373781808326529,0.9514059846694183,-1.597495730399127,-0.317300165740813,1.5576787457501153
-0.1583777831931728,-0.8746070894687614,-1.1638772656959002,1.8881919807819858,-0.8227281245461451
0.7665486587437091,1.7759827431399833,-1.0275141831971184,-0.7003712579940019,-0.8227281245461451
-1.2436498868994887,-0.544691070326943,-0.050057152788691175,-0.9814411718365785,0.3674753106019852
-0.9177861226583809,-0.039195230291961265,0.37565386689389607,0.582576897126146,0.3674753106019852
-0.9807958548493022,-1.3045984875744674,1.1507448553455515,1.2059174318576666,-0.8227281245461451
-0.7409826950181838,-0.28046818145127383,-0.218372768228016,-0.3037000086193979,1.5576787457501153
0.6099647720304495,1.3109265703078001,0.40050583695876313,3.273141314312746,-0.8227281245461451
0.7021282609067225,-2.5212864495557117,1.7041046303613183,-0.14956489457669467,-0.8227281245461451
-0.8759363751584406,0.7879410007863763,-1.0625328682885216,-0.11329780891958799,1.5576787457501153
-0.22703017796835576,-0.7887794413548047,-0.4768978074742268,-0.2923665443515521,-0.8227281245461451
-1.0160624960009372,-0.26459945128308693,0.8801165839248926,0.20403919058009534,-0.8227281245461451
-0.6008565741756873,-1.0570121706493167,-0.057803221380337784,-0.5145024440013303,1.5576787457501153
0.3297125303454563,2.047286839563822,0.949185695533743,-1.081175657393622,0.3674753106019852
-0.6337721059172133,1.1277536473449132,1.0414930129175337,0.5916436685404225,-0.8227281245461451
0.3941329281824432,-1.5632758524666301,1.1060435845145902,-0.06116387328749707,0.3674753106019852
-0.2340835061986827,1.0830481924624946,-0.5487103183759524,0.9157807466008132,0.3674753106019852
-0.9699807515628007,2.0356838970752555,-0.8824367735327341,1.2149842032719431,-0.8227281245461451
0.5493061492496373,-1.5166934510051786,-0.33601618496365127,-0.44876835124782466,-0.8227281245461451
-0.38502473032768075,0.5358329489208284,-0.8441905598614781,1.319252074536125,-0.8227281245461451
0.7134135860752459,0.08237971857721156,0.7523064521627205,-1.1151760501971593,-0.8227281245461451
0.18911618762093813,-0.23866346219099707,-0.6418245179047061,-0.15636497313740222,-0.8227281245461451
-1.0104198334166756,-0.024264973413290918,1.1270225202836333,0.32190721896569185,-0.8227281245461451
0.1867650782108289,1.5614136228550926,-0.9839425473691052,-0.04529702331251305,0.3674753106019852
2.167809867168675,-0.008481558998696357,0.7627959200472423,-0.8250393649403062,0.3674753106019852
-0.7912964363945166,0.2629078531787344,-0.7846426575631933,-1.0041081003722703,0.3674753106019852
-0.32671721695697736,-1.1622918105823408,-0.582437992035414,-0.20169883020878537,-0.8227281245461451
-0.41982114959729394,1.5500666276273027,-0.3853973722353995,-0.33996709427650457,-0.8227281245461451
-0.7259355947934862,0.22792839420584937,0.4461753663636803,0.7027116183653117,-0.8227281245461451
0.37861560607572353,0.33150171906702575,-0.2040102660476707,-0.48730212975850046,0.3674753106019852
-0.09113605406405532,0.5498247325099822,-0.27356350694349907,-0.21076560162306207,-0.8227281245461451
-0.4560282345129726,0.6708877868576006,-1.0791546404747636,-0.24476599442659963,1.5576787457501153
-1.2812676374612328,0.8018474686219378,-2.4045392517913253,0.5961770542475612,-0.8227281245461451
0.34805118374430655,0.23168228736391502,-0.9884610873808992,0.24483966194434026,0.3674753106019852
-1.3202960536690425,1.3478682916133105,0.1805497642417929,-0.6550374009226185,-0.8227281245461451
0.12046379284575517,1.1263885952874346,1.228366917691012,0.015903683733854538,-0.8227281245461451
0.21262728172202816,-0.07426000501843812,0.9992123885214617,0.036303919415977,-0.8227281245461451
1.7544848328715121,0.8056866775335958,0.47328660643444415,0.42844178308344283,1.5576787457501153
0.17359886551421844,0.23705717984023633,1.1615570760880587,-1.4347797425504119,-0.8227281245461451
2.081759262758686,-1.7723847645216073,0.1769994828039548,2.105794494724625,-0.8227281245461451
0.16889664669400037,0.996111439551837,-0.6132608899730089,-1.0585087288579302,-0.8227281245461451
-0.1842399867043719,-1.2931661765930855,0.5389668130344489,-0.2923665443515521,1.5576787457501153
-0.46214111897925614,0.9639474004475016,-1.224232050139148,0.8795136609437069,1.5576787457501153
-0.9008581349055961,0.7477572808443547,0.5878638710192192,0.9157807466008132,-0.8227281245461451
-0.5622983798498996,-0.310840589730169,-0.04182695491006616,-0.890773457693812,-0.8227281245461451
-0.7038351663384615,-1.5268460256826744,-0.2543597118933748,1.158316881932714,1.5576787457501153
0.17265842175017504,1.0070318560116642,-0.03295125131547118,-0.3581006371050579,-0.8227281245461451
0.21027617231191895,-0.8609565688939771,-1.4934079336988735,-0.4442349655406862,-0.8227281245461451
-1.146313957320976,1.2356780756393015,0.8355766895229233,0.8953805109186908,0.3674753106019852
1.149779492591477,1.0111270121840996,0.4858739678958702,-0.3309003228622279,-0.8227281245461451
-0.5110441947095233,1.4745621856980278,-0.8007803004624574,1.1492501105184376,-0.8227281245461451
-0.7080671632766578,-0.7181379973802962,0.03385859028748249,2.0015266234604434,1.5576787457501153
-0.03659031574952643,1.63128722504727,-0.16253652379656203,-1.2013103786327877,0.3674753106019852
-0.24583905324922772,0.15302116255172066,-0.09120814218181439,-0.9837078646901477,0.3674753106019852
-0.7080671632766578,-0.21801704982163564,0.22654204650469598,-0.04529702331251305,-0.8227281245461451
1.323761588939543,-2.1743925954490058,-0.14833539804520968,0.8432465752866002,-0.8227281245461451
-0.7706066735855573,-0.34496689116712975,0.8765663024870545,-1.2965114784826925,1.5576787457501153
0.26952412944666576,-0.7944955968454958,-1.2502136552069631,-0.38530095134788794,-0.8227281245461451
0.1552602121153682,-1.5631905367130379,1.4307329596477842,-0.11783119462672623,0.3674753106019852
-0.5035206445971745,0.773010743907706,-0.8704949177872785,-0.34903386569078126,-0.8227281245461451
0.47218976059806195,-0.3912933453678041,-1.012022046013825,-1.4483798996718267,-0.8227281245461451
0.21074639419394067,1.2407117051012537,-0.8711404235032492,-1.0381084931758078,-0.8227281245461451
-0.04834586280007145,0.7124365588571004,0.22008698934499024,-1.0494419574436535,-0.8227281245461451
-0.6878476223497203,0.31119656971203363,-0.1047637622171963,1.4643204171645516,0.3674753106019852
0.6880216044460686,-0.5213145538426248,-2.237837400641927,-0.05663048758035884,-0.8227281245461451
-1.1947468111692217,0.7340214445159778,0.38146341833763137,-0.3535672513979195,0.3674753106019852
-0.7931773239226038,-0.4024697090884088,0.08081913112434101,-0.7842388935760611,-0.8227281245461451
-0.4014824961984437,0.351977499929202,0.9853340156280943,1.4099197886788917,1.5576787457501153
-0.5082228634173924,-0.9077096018626133,1.5448260949455814,-0.509969058294192,0.3674753106019852
1.7977452460175178,1.1195633350000425,-1.624445594040898,2.019660166288997,-0.8227281245461451
0.08096515475592375,-0.35273062474403855,-1.1395094249180113,0.732178625461711,-0.8227281245461451
2.0982170286294486,-1.4092809172323446,-1.628964134052692,0.2765733618943087,-0.8227281245461451
-1.3381644851858707,-0.07093269062833454,0.6487027847494451,-0.03623025189823637,0.3674753106019852
0.6377078630697359,-1.9353378538830954,0.7594070150383967,-0.08156410896961973,1.5576787457501153
0.946173417676037,0.8893814318077422,1.8556370971854081,-0.9927746361044244,0.3674753106019852
-1.1359690759164964,0.6504973217490166,1.0531121158050039,1.5935219098179938,-0.8227281245461451
-0.023424103052915955,0.6644037895845781,-1.6714061348777567,-0.2266324515980463,-0.8227281245461451
0.09366114557051251,-1.407659917914089,0.4891014964757228,-0.7479718079189545,1.5576787457501153
-0.39348872420407316,1.1927642515823236,0.07452545039362776,-1.1491764430006968,0.3674753106019852
-0.2336132843166608,0.24209080930218832,0.19281437284523392,-0.22436575874447717,0.3674753106019852
-0.7974093208608,1.1027561315423395,1.5328842392001258,0.7661790182652486,-0.8227281245461451
-0.2044595276313093,-1.5026163516624322,-1.899753781902344,0.9769814536471809,0.3674753106019852
0.7500908928729464,0.8062838878087426,-0.21062669963636893,-0.6527707080690495,-0.8227281245461451
0.43457201003631807,-0.02093765902318687,0.12390663766537599,2.715534872334731,-0.8227281245461451
2.313578650595433,0.7776177946016954,-0.31487587276561524,0.5077760329583635,-0.8227281245461451
0.923132545456969,-0.044143544000320445,0.4803871693101203,-0.5417027582441603,1.5576787457501153
-0.7870644394563202,1.196432828986797,1.8843621015460987,0.8908471252115525,1.5576787457501153
0.28833300472753803,-0.7305940974047866,-0.20191237247076643,-1.3554454926754909,1.5576787457501153
3.3212641437681527,0.48831207416986055,0.7387508321273386,-1.2375774642898942,0.3674753106019852
-0.2655883722941433,-0.8093405379705738,-0.05731909209335984,-1.0041081003722703,-0.8227281245461451
-0.2533626033615765,0.283213002533726,0.7403645964172654,-0.6709042508976027,-0.8227281245461451
0.4726599824800837,-0.36365104120386577,0.04854384532581278,-0.6187703152655121,0.3674753106019852
0.04757940113237586,-1.2000013736701824,1.9866747575274328,-1.192243607218511,-0.8227281245461451
0.21591883489618044,-1.4642242625458515,0.8515529559931949,0.7457787825831257,1.5576787457501153
0.3104334331825626,0.6620149484839907,1.013413514272814,-0.428368115565702,-0.8227281245461451
-1.2210792365624425,-0.420812596110775,1.4864078276502453,-1.2693111642398627,-0.8227281245461451
0.3908413750082906,-0.4207272803571827,-0.5658162198491724,-0.4941022083192078,-0.8227281245461451
1.2113785591363326,0.4985499646009487,0.43552452205016606,1.06084908922924,0.3674753106019852
-0.35587097364232906,0.21112119074814642,2.024598218340704,-0.317300165740813,-0.8227281245461451
-0.07044629125509602,-0.45519484480851324,-0.6847506480167486,-0.6255703938262195,-0.8227281245461451
-1.2210792365624425,-2.288886336770009,-0.7505922310457463,0.8205796467509082,1.5576787457501153
-0.7560297952428816,-0.9517325307162927,0.4566648342482021,1.4507202600431366,-0.8227281245461451
0.9471138614400808,0.43396593913150044,0.7314888928226699,-0.33996709427650457,0.3674753106019852
-0.5025802008331309,-0.8794700874235283,-0.9655456344639441,0.5848435899797152,-0.8227281245461451
0.910906776524402,1.822821091862212,0.18410004567963142,-0.3830342584943188,0.3674753106019852
2.2237662711292696,-1.5783767408524851,1.5441805892296105,-0.6006367724369588,1.5576787457501153
-0.8848705909168549,0.7248073431279985,1.1949619968895353,1.3305855388039705,-0.8227281245461451
0.2450725915815323,-1.1564050235844652,-0.612292631399053,0.01363699088028522,1.5576787457501153
-0.6187250056925157,0.10208765765705644,-0.09814732862849807,0.9475144465507817,0.3674753106019852
-0.4715455566196921,0.2679414826406859,-0.5845358856123187,-0.7955723578439069,0.3674753106019852
-0.7470955794844673,-1.4022850254377677,1.6847394588822016,-1.0585087288579302,-0.8227281245461451
-1.0278180430514823,-2.033792233528727,0.07533233253859116,-1.110642664490021,-0.8227281245461451
3.6748709990485464,0.4128929479941769,-0.5172419147223871,0.04763738368382279,0.3674753106019852
0.7641975493336003,1.2411382838692153,1.6532710552286358,3.1439398216593033,1.5576787457501153
-0.8698234906921573,2.25997901326968,0.35193153183197784,-0.2402326087194612,-0.8227281245461451
-0.7480360232485109,-0.023923710398921133,1.167205251102801,-0.7933056649903377,1.5576787457501153
-1.3028978440342358,-1.0036045089004733,-0.9172940821951445,0.01363699088028522,-0.8227281245461451
0.6880216044460686,-0.9464429539935637,-1.2473088794850957,0.9837815322078883,-0.8227281245461451
-0.398661164906313,2.0989881862408173,0.09372924544375202,-0.24703268728016875,-0.8227281245461451
0.8441352692773065,-1.348450784920962,1.2430521727293427,1.0517823178149635,-0.8227281245461451
-0.10759381993481824,-1.078255793293825,-1.1119140555602698,-0.08156410896961973,-0.8227281245461451
-0.6765622971811972,-0.5800117923141973,1.7947981834551827,-0.5439694510977297,-0.8227281245461451
0.13927266812662714,-0.7253898364356505,-0.39975987441574434,-1.1945103000720803,0.3674753106019852
-0.23220261867059555,0.6119346011252507,0.3185266110305012,0.7684457111188177,-0.8227281245461451
-0.6685685251868265,-1.643216713582711,0.8910901810963918,1.57765505984301,0.3674753106019852
-1.1561886168434339,0.3744155431240037,2.436592241558916,0.6913781540974661,-0.8227281245461451
-0.9394163292313837,0.1749473112249679,1.92906337237706,-0.6187703152655121,0.3674753106019852
0.7773637620302107,-0.2640022410079402,-0.08878749574692514,2.5613997582920276,-0.8227281245461451
-1.0602633529109866,0.1775920995863324,-0.2236981903847729,0.036303919415977,-0.8227281245461451
0.3240698677611948,-0.07707542488698772,-1.5739347717662013,-0.04983040901965128,-0.8227281245461451
-0.0709165131371179,0.8555963933851507,-0.4940037089474468,-0.6777043294583104,-0.8227281245461451
-0.7959986552147346,-2.0508553842472073,-0.6912057051764543,0.46924225444768775,-0.8227281245461451
0.6588678477607168,-0.693737691852869,1.4775321240556498,-0.6845044080190177,-0.8227281245461451
-0.6746814096531101,-0.34104236650187947,-0.7407482688771949,-0.781972200722492,1.5576787457501153
0.2540068073399464,0.46971323988671687,-1.1317633563263647,-0.32410024430152035,1.5576787457501153
0.8464863786874154,-2.5839082126925352,1.1538110074964116,-0.6233037009726503,0.3674753106019852
0.5290866083226999,0.9165971572037184,0.21831184862607098,1.321518767389694,-0.8227281245461451
-0.0036747840080004115,-1.0652877987477798,0.5212154058452585,-0.6437039366547728,-0.8227281245461451
0.5069861798676754,0.03494415957983604,-1.4277277270988684,-0.6686375580440337,-0.8227281245461451
0.3663898371431568,0.6260970162215895,-0.4320351602142725,3.2822080857270226,-0.8227281245461451
0.22532327253661658,-0.9657243143054468,0.24897337013467288,0.04537069083025367,-0.8227281245461451
0.4867666389407379,-0.3312310548387529,0.3154604588796411,0.3649743831835059,0.3674753106019852
1.2287767687711395,0.8247974063382939,-0.5603294212634226,0.7888459468009401,0.3674753106019852
3.036779905144963,-0.7156638405261163,-1.8424651496099562,-1.1446430572935584,1.5576787457501153
0.1322193398963002,1.023668427962183,-0.8056215933322368,-0.21756568018376962,0.3674753106019852
2.211070280314681,-1.7913248618191207,-0.8295053048231475,-1.1537098287078351,-0.8227281245461451
-0.499758869541,0.6288271203365464,-0.7029861844929174,-0.41930134415142534,-0.8227281245461451
1.352915345624895,-0.23516551629370838,0.974844547743573,-0.8930401505473811,-0.8227281245461451
-1.2394178899612927,-0.9134257573533041,-1.7767849430099514,-0.29916662291225965,0.3674753106019852
-0.27781414122671017,0.06727883019135657,-0.2458067611567648,-0.974641093275871,-0.8227281245461451
1.420627296636034,0.054225519891719295,0.8231507044904902,-1.3917125783325974,-0.8227281245461451
-1.1552481730793902,-0.260760242371429,0.9516063419686323,-0.3921010299085955,1.5576787457501153
0.3696813903173094,-0.5095409798468734,-0.36796871790419405,-0.7253048793832628,1.5576787457501153
0.1467962182389758,-1.1674960715514773,0.39259839193812357,0.9905816107685956,0.3674753106019852
-0.8275035213101951,-1.1953943229761927,1.848536534309732,0.4987092615440867,0.3674753106019852
0.3457000743341977,1.5454595769333133,1.2930788657170609,-1.1945103000720803,-0.8227281245461451
0.36497917149709136,0.7374340746596743,1.3318092086752953,0.18590564775154197,-0.8227281245461451
0.7966428591931044,0.9158293154213866,-0.7817378818413262,-0.02943017333752882,1.5576787457501153
-1.1359690759164964,-0.2716806588312567,-1.1846948250359508,-0.9610409361544561,0.3674753106019852
0.5116883986878934,-1.8704978811528696,-0.0876578607439763,-0.412501265590718,-0.8227281245461451
0.9645120710748872,-1.3864162952695807,-0.7050840780698217,-0.09063088038389641,-0.8227281245461451
-0.38502473032768075,-1.1507741838473666,2.2511707246463715,-0.849972986329567,-0.8227281245461451
1.7822279239107985,1.81352167472064,0.44004306206196003,-0.3898343370550262,-0.8227281245461451
-0.5867499177150333,0.1877446742638282,2.204210183809513,0.5485765043226084,-0.8227281245461451
-0.4259340340635773,0.2866256326774219,-0.6894305644575355,-0.058897180433927956,-0.8227281245461451
-1.0235860461132862,0.12392849057671136,-0.5030407889710348,0.7163117754867268,1.5576787457501153
-0.667628081422783,-2.5839082126925352,1.0201913242905047,-0.6097035438512354,-0.8227281245461451
-0.6972520599901565,0.21436318938465768,-0.8903442185533734,-0.8159725935260295,0.3674753106019852
0.3268911990533257,-0.28191854926234483,-0.20013723175184717,-1.3758457283576135,-0.8227281245461451
-0.6201356713385812,0.4039347938669746,1.6279349558767913,1.072182553497086,-0.8227281245461451
-0.5764050363105537,0.37160012325545455,1.0361675907607764,-0.17676520881952468,1.5576787457501153
1.331285139051892,0.06326898977251344,-0.7279995309867764,-0.6731709437511719,1.5576787457501153
-0.8815790377427023,-0.8664167771238908,0.696792960589252,2.8696699863774344,-0.8227281245461451
-0.7959986552147346,0.19183983043626365,0.9800085934713374,-1.2783779356541392,0.3674753106019852
0.1270468991940604,-0.03859802001681451,-0.3118097206147551,0.7049783112188808,-0.8227281245461451
0.2704645732107095,0.4692866611187548,0.15650467632188966,0.2743066690407396,1.5576787457501153
-0.8768768189224844,-0.23072909710690362,-0.16866882809828232,-0.015830016216113914,0.3674753106019852
-0.25430304712562013,0.641453851868222,-1.1119140555602698,-0.1540982802838329,0.3674753106019852
0.3513427369184592,-0.6391356095537319,1.21481129765563,-0.23116583730518453,-0.8227281245461451
-0.3093190073221709,1.0771614054646188,-0.3434395006973129,-1.4393131282575502,1.5576787457501153
-0.8477230622371327,0.8080755186341828,1.8785525501023634,0.580310204272577,1.5576787457501153
-0.7875346613383422,-1.1209989858436182,1.1404167638900227,0.8409798824330311,-0.8227281245461451
-0.8152777523776283,0.6855620964754939,0.662258404784827,-0.727571572236832,0.3674753106019852
-0.12076003263142872,-0.4872735681592563,1.479630017632554,-0.48730212975850046,-0.8227281245461451
-1.2516436588938595,-0.872644827136136,-0.6847506480167486,2.1375281946745934,-0.8227281245461451
-0.5665303767880958,-1.814530746796254,0.6645176747907238,-0.22436575874447717,1.5576787457501153
-0.6398849903834967,-1.951035952544097,-1.4637146707642275,1.0835160177649314,-0.8227281245461451
3.530512881267854,0.3755246479207049,-1.2468247501981178,-0.13369804460171045,-0.8227281245461451
-0.48706287872641146,-0.6981741110396743,-0.27453176551745495,0.5916436685404225,-0.8227281245461451
2.005583317871154,-0.6210486697921427,0.31626734102460446,-1.2194439214613408,-0.8227281245461451
-0.9873789611976075,0.144233639931703,0.8247644687804165,-0.6097035438512354,-0.8227281245461451
-0.19458486810885145,-0.38685692618099937,0.044832187458981744,-0.550769529658437,-0.8227281245461451
0.7811255370863851,-0.009846611056175002,0.9803313463293224,0.6052438256618377,-0.8227281245461451
0.009491428688610063,0.244394334649183,-1.1591973492551135,-0.47823535834422376,0.3674753106019852
1.6063649400346454,-0.1884124833250724,-0.3950799579749579,-0.9293072362044879,0.3674753106019852
0.625952316019191,0.5090438022928138,-0.5073979525538362,1.8428581237106025,-0.8227281245461451
-1.1237433069839298,-0.1301418236214615,-0.10234311578230659,-0.17676520881952468,-0.8227281245461451
-0.23502394996272627,-0.9408121142564653,-0.7000814087710497,-0.8681065291581203,-0.8227281245461451
-1.1209219756917987,-1.5085884544139005,-1.3371955504339967,-0.890773457693812,0.3674753106019852
-0.7137098258609194,-0.33976263019799313,1.8325602678394604,-0.29916662291225965,-0.8227281245461451
0.30526099248032285,0.6754095217979976,0.41954825557989445,1.16965034620056,-0.8227281245461451
2.2966506628426484,1.7728260602570642,-0.5625886912693193,0.8840470466508451,-0.8227281245461451
-0.28298658192894993,-0.20291616143578065,-0.08991713074987352,-0.23796591586589208,0.3674753106019852
0.04334740419417983,0.6602233176585504,0.46489503212682665,-0.33316701571579704,0.3674753106019852
-0.10759381993481824,-1.582983791546475,-1.7320836721789896,-0.37850087278718036,-0.8227281245461451
-1.012300720944763,-0.9637620519728214,-0.8007803004624574,-0.9655743218615943,-0.8227281245461451
-0.9017985786696397,-2.2109077379865534,0.9073892004246489,0.8953805109186908,0.3674753106019852
0.29491611107584326,0.24533280793869955,-1.0999721998148142,-1.067575500272207,1.5576787457501153
-1.2257814553826605,-0.7572126125256161,-0.5380594740624377,-0.46463520122280866,-0.8227281245461451
0.24601303534557573,1.5458008399476826,1.896142580862561,-0.5122357511477611,-0.8227281245461451
-0.3859651740917244,1.03066431975676,-0.7946479961607371,-0.6573040937761879,-0.8227281245461451
0.20698461913776633,0.13092438237128828,0.756179486458544,-1.1197094359042978,0.3674753106019852
0.17594997492432765,-0.375765878213987,-0.17964242526978202,-0.04756371616608217,-0.8227281245461451
1.4413170594449933,0.19021883111800802,-0.48883966321968236,-0.3150334728872437,-0.8227281245461451
-0.7786004455799279,1.0174403779499375,-0.5278927590359014,-0.5303692939763145,-0.8227281245461451
0.5845727904012724,-1.4241258583574226,-1.2130970765386557,0.2652398976264627,1.5576787457501153
-0.5345552888106134,-0.7313619391871186,-0.3957254636909283,0.7457787825831257,0.3674753106019852
-0.5251508511701775,-0.6554309184898804,-1.5747416539111645,-1.1491764430006968,0.3674753106019852
0.006199875514457443,2.048054681346153,2.214054145978064,1.0495156249613944,-0.8227281245461451
1.4986841290516528,0.999950648463495,1.1841497761470285,-0.9338406219116261,-0.8227281245461451
0.4801835325924327,-0.13662582089448397,0.21330917932729906,0.054437462244530346,-0.8227281245461451
-0.3318896576592172,-0.44777237424597427,0.4947496714904656,-0.7751721221617844,-0.8227281245461451
-0.7202929322092246,0.44983466929968685,0.5095963029577883,0.9633812965257659,-0.8227281245461451
0.4900581921148905,0.9863854436423033,-0.9108390250354388,0.23123950482292516,-0.8227281245461451
-0.3657456331647869,-0.05148069880926713,-2.41583560182081,-0.3966344156157337,-0.8227281245461451
0.18864596573891607,-0.11487030372842186,0.4970089414963624,0.9769814536471809,0.3674753106019852
-0.8731150438663099,-0.004812981594223013,-1.8185814381190453,-0.7185048008225553,-0.8227281245461451
-0.6586938656643688,3.1594630033943747,1.0324559328939458,-1.4461132068182576,-0.8227281245461451
-0.7071267195126142,-1.001045036292701,-1.2103536772457808,0.44657532591199617,0.3674753106019852
0.1049464707390355,0.5781495627026596,1.776401270550021,-0.3739674870800421,-0.8227281245461451
-0.8138670867315629,-0.33976263019799313,-2.0159448107770452,-1.0426418788829461,0.3674753106019852
-0.5900414708891859,-0.8623216209514555,-1.3854471027027966,-0.38530095134788794,1.5576787457501153
0.5681150245305093,-0.44504227013101744,1.1948006204605428,-0.4533017369549629,0.3674753106019852
0.3781453841937018,-0.2584567170244343,-0.1833540831366126,-0.27196630866942967,-0.8227281245461451
1.4497810533213857,-0.5531373299325909,0.6483800318914597,0.5440431186154703,0.3674753106019852
-0.62765922145093,1.0925182411112513,1.4113677881686675,-1.0471752645900845,0.3674753106019852
1.3562068987990472,-1.4570577392440895,-2.060161952321029,0.17003879777655775,1.5576787457501153
-0.32013411060867214,-0.8009795941185183,-0.5412870026422908,-0.6505040152154803,-0.8227281245461451
-0.6845560691755677,0.48925054745937663,1.754615452636015,-1.3101116356041076,1.5576787457501153
1.1083999669735585,-0.9760475204901272,-0.7725394253887452,1.1129830248613308,0.3674753106019852
-0.0093174465922619,1.3170693045664532,-0.025205182723824566,0.09750462646234438,1.5576787457501153
0.012782981862762681,0.09330013503703927,-0.5349933219115776,0.01363699088028522,1.5576787457501153
-0.5961543553554692,-1.6703471232250946,-1.4154631184954278,0.5553765828833158,-0.8227281245461451
-1.18393170788272,0.48515539128694163,-0.977810243067385,0.48057571871553334,0.3674753106019852
-0.7922368801585601,-0.689898482941211,-1.3557538397681506,1.4960541171145199,1.5576787457501153
0.06403716700313895,-0.2546175081127763,-0.04247246062603706,-0.38756764420145706,-0.8227281245461451
-0.9967833988380435,0.5930798195813299,-1.805671323799634,-0.37623417993361125,-0.8227281245461451
-1.1025833222929486,-0.05438143443140858,-2.41583560182081,-0.8318394435010136,-0.8227281245461451
-0.4508557938107328,-1.2005985839453295,0.1348802348368757,-1.124242821611436,1.5576787457501153
0.07015005146942248,-1.1423279242417188,0.011750019515490585,-0.20396552306235471,-0.8227281245461451
0.984261390119803,-1.3820651918363682,-0.9290745615116074,0.1768388763372651,0.3674753106019852
-0.29427190709747325,0.9746118696465519,0.662258404784827,0.5236428829333477,1.5576787457501153
0.8163921782380201,0.9633501901723543,-2.162313231873371,1.836058045149895,-0.8227281245461451
0.2399001508792925,1.4949526508066115,-0.7433302917410777,0.02270376229456189,-0.8227281245461451
-0.31590211367047594,1.056770940356035,1.1044298202246634,1.473387188578828,0.3674753106019852
-0.3633945237546779,-0.689215956912472,0.27963489164327476,1.1628502676398527,-0.8227281245461451
-0.7231142635013554,0.4116132116902911,0.6948564434413402,1.264851446050465,0.3674753106019852
0.1834735250366763,-0.9537801088025104,0.39986033124279224,2.28259653730302,1.5576787457501153
0.23801926335120535,0.5870224010762696,0.36629403401232313,-0.7978390506974761,-0.8227281245461451
1.4337935093326446,0.05328704660220276,1.646654621639938,-1.067575500272207,-0.8227281245461451
-0.7367506980799876,3.187958465094236,-0.22418231967175084,0.9293809037222283,-0.8227281245461451
-0.6064992367599488,2.114771600655412,-0.723803743832968,-1.0494419574436535,0.3674753106019852
-0.8575977217595904,-0.27432544719262114,0.8176639059047404,-0.9927746361044244,-0.8227281245461451
0.8629441445581785,-0.0757956885831014,0.19265299641624098,0.11337147643732862,-0.8227281245461451
-0.403363383726531,0.40026621646250127,-0.6871712944516383,0.8319131110187542,1.5576787457501153
-0.8035222053270834,0.8654077050482772,0.17457883636906554,-0.28556646579084455,1.5576787457501153
1.6731364472817412,1.1428545357307682,-0.6678061229725215,-0.9179737719366419,1.5576787457501153
1.0303431345579392,-0.36757556586911655,-0.43849021737397825,0.8205796467509082,-0.8227281245461451
-0.15649689566508565,-0.9728908376072083,1.8035125106207848,-0.8749066077188277,-0.8227281245461451
-1.3536818072925902,-0.5455442278628667,0.16989891992827863,-1.067575500272207,-0.8227281245461451
0.3997755907667047,-0.5960511539895689,1.0910355766182744,-0.7230381865296938,-0.8227281245461451
1.0820675415803374,-0.5498953312960791,0.24832786441870244,-1.0109081789329777,-0.8227281245461451
-0.193174202462786,-0.7943249653383111,-0.816756566932729,-0.5757031510476979,-0.8227281245461451
0.09977403003679572,-1.242147355944829,-0.7016951730609761,-0.7434384222118162,-0.8227281245461451
-1.1970979205793306,-1.299820805373293,-0.04263383705502955,1.1877838890291132,-0.8227281245461451
-1.3644969105790916,-0.835703105830626,-0.3957254636909283,0.3264406046728301,-0.8227281245461451
-0.18706131799650264,0.2041252989535695,-1.0664059025843449,-0.8477062934759978,-0.8227281245461451
0.8333201659908049,-0.6710437013972904,0.8020103922924542,-1.1559765215614044,-0.8227281245461451
-1.139260629090649,-0.7497048262094848,0.3435399575243608,0.8545800395544458,1.5576787457501153
-0.880168372096637,0.07982024596943989,0.9261088661877952,0.8387131895794615,-0.8227281245461451
0.538020824081114,0.27681432101429587,-0.10314999792726998,-0.36263402281219614,-0.8227281245461451
1.7422590639389457,-0.2477069320717917,-0.17189635667813497,-0.8613064505974127,-0.8227281245461451
-0.2307919530245301,2.445540777333154,-0.46334218743884487,-0.7933056649903377,-0.8227281245461451
0.9471138614400808,0.5944448716388085,-1.1357977670511807,-0.7955723578439069,-0.8227281245461451
-0.8115159773214541,-0.09772183725634866,-1.491794169408947,-1.2670444713862934,0.3674753106019852
0.3974244813565958,-0.031090233700682687,0.3880798519263296,-0.428368115565702,-0.8227281245461451
-1.1693548295400444,0.8584971290072927,0.28431480808406123,-1.097042507368606,-0.8227281245461451
2.814364954948651,0.813791674124874,-0.6487637043513897,-1.08570904310076,1.5576787457501153
-0.07279740066520507,0.7737785856900374,-0.5612976798373784,-0.23343253015875384,1.5576787457501153
-1.41104887689925,-0.017183765865121204,0.491683519339605,-0.2152989873302005,-0.8227281245461451
-0.24160705631103152,0.9680425566199365,-0.5837290034673553,-0.2651662301087221,0.3674753106019852
0.9127876640524891,-0.5841069484866328,0.1941053842771748,-0.7071713365547095,-0.8227281245461451
-1.0325202618717004,0.24720975451773214,-1.4616167771873232,0.4488420187655653,0.3674753106019852
1.7403781764108583,0.39506195549336515,1.8424042300080117,-0.2742330015229988,1.5576787457501153
-0.7470955794844673,-0.5057017709352154,0.7171263906423246,0.6415109113189443,-0.8227281245461451
1.2748585132092758,-0.13287192773641832,0.9298205240546258,-0.7887722792831995,-0.8227281245461451
-1.1674739420119573,-0.7109714740785346,-0.492067191799535,-1.1695766786828194,-0.8227281245461451
-0.22091729350207223,0.46886008235079263,1.1868931754399032,0.011370298026716102,0.3674753106019852
0.08425670793007638,1.4289182575260924,-0.8151428026428027,-0.8817066862795353,-0.8227281245461451
-0.8956856942033563,-0.2239891525731037,-1.7580652772468048,0.4420419402048575,1.5576787457501153
-0.3963100554962039,-0.9122313368030106,-0.6821686251528664,-0.20849890876949295,0.3674753106019852
-0.25383282524359824,-0.29522780682275956,-1.4662966936281097,1.8859252879284163,-0.8227281245461451
1.528778329501048,0.3028356258599786,-0.3611909078865033,-0.7955723578439069,-0.8227281245461451
-1.2074428019838102,1.6122618119961643,1.6747341202846577,-0.16996513025881713,1.5576787457501153
0.11011891144127528,1.4924784939524314,-1.724821732874321,-1.124242821611436,-0.8227281245461451
0.39789470323861753,0.06292772675814415,1.2412770320104234,-0.605170158144097,-0.8227281245461451
-1.0964704378266652,-0.21332468337405344,-0.7609203225012751,0.9656479893793349,0.3674753106019852
-0.5162166354117631,-0.5857279478048883,-1.1525809156664153,-0.47143527978351624,-0.8227281245461451
0.2370788195871616,-1.6327228758908452,-0.398146110125818,-0.2923665443515521,-0.8227281245461451
-0.9116732381920976,-0.28942633557847613,-2.0132014114841703,0.4896424901298102,0.3674753106019852
-0.535495732574657,-0.03680638919137376,1.0293897807430856,0.36044099747636765,1.5576787457501153
-0.25665415653572915,-1.4383735892073535,-1.0221887610403613,1.1832505033219751,-0.8227281245461451
-0.570762373726292,0.08673082201042398,1.579199274321014,-1.2511776214113095,1.5576787457501153
-0.672330300243001,-0.6920313767810211,-0.02907821701964764,-0.8386395220617211,-0.8227281245461451
-0.19082309305267695,-0.06470464061608953,1.184311152576021,3.078205728905797,-0.8227281245461451
-1.1260944163940387,-1.706691634255458,-0.8633943549116023,3.9667493275049104,1.5576787457501153
-0.26464792853009966,-0.3601530953065776,0.41680485628701974,0.7140450826331577,-0.8227281245461451
-0.21621507468185433,-1.1407922406770554,1.2120678983627553,-0.4079678798835795,-0.8227281245461451
2.373767051494224,0.7108155595388448,-0.39362757011402405,-0.5054356725870538,0.3674753106019852
-0.4259340340635773,-0.42217764816825365,0.10728486547913393,-1.08570904310076,1.5576787457501153
-0.8213906368439119,0.4663859254966128,-0.07845940429139586,-0.3966344156157337,1.5576787457501153
-0.934243888529144,0.5886434003945252,0.675652648391216,0.7639123254116791,1.5576787457501153
-0.27123103487840494,0.0635249370332909,-0.765438862513069,-1.1854435286578033,-0.8227281245461451
-0.717001379035072,0.13152159264643504,0.22186213006390906,3.2867414714341607,1.5576787457501153
-1.2257814553826605,-0.20999736898394988,0.6779119183971132,-0.02943017333752882,-0.8227281245461451
-0.4898842100185424,1.4981946494431229,1.9926456854001606,-1.24891092855774,-0.8227281245461451
-0.8030519834450617,-0.5880314731518831,-0.17512388525798805,0.2131059619943718,1.5576787457501153
-0.6807942941193934,0.778812215151989,-0.5879247906211639,-1.0109081789329777,-0.8227281245461451
0.3569853995027207,0.2226388174831204,-2.1030880824330715,-1.0449085717365152,-0.8227281245461451
-1.1119877599333847,1.980484604500971,0.9590296577022939,-1.0426418788829461,0.3674753106019852
0.9903742745860865,-0.13432229554748928,-1.4641988000512054,-1.4143795068682894,1.5576787457501153
-0.12076003263142872,-1.0439588603496792,0.22654204650469598,-0.9383740076187643,-0.8227281245461451
-0.8905132535011165,0.7006629848613489,-1.6449404005229635,0.04990407653739191,0.3674753106019852
-1.0527398027986379,0.5814768770927632,1.4523574011327978,-1.3350452569933684,-0.8227281245461451
0.13786200248056169,5.001636054384207e-05,1.3140578014861044,-0.7003712579940019,-0.8227281245461451
-0.11887914510334155,-1.1227053009154662,-0.18367683599459805,-0.8431729077688594,0.3674753106019852
-0.6577534219003253,-0.15505402367044302,0.5888321295931751,0.6823113826831892,1.5576787457501153
-0.5571259391476598,-0.017439713125898662,0.5041095043720385,-0.7071713365547095,-0.8227281245461451
-0.3304789920131519,1.347953607366903,-2.41583560182081,1.428053331507445,-0.8227281245461451
-0.21668529656387603,0.3609356540564043,-0.6795866022889842,0.20403919058009534,0.3674753106019852
-1.0212349367031772,-0.0025947720008206387,0.2964180402585093,-0.4306348084192713,0.3674753106019852
-0.7522680201867071,-0.08944620915788591,-0.37878093864670126,0.21083926914080267,-0.8227281245461451
0.2624708012163388,0.01472432597843673,-0.28324609268305745,-0.8137059006724602,1.5576787457501153
0.6734447261033928,-0.8434668394075346,1.2051287119160716,0.054437462244530346,-0.8227281245461451
2.022981527505961,-0.2974460164161619,0.8701112453273487,-0.11329780891958799,1.5576787457501153
0.6899024919741559,-0.656369391779397,-0.9463418394138199,-0.7797055078689229,1.5576787457501153
-0.5665303767880958,-0.7633553467842693,0.48070992216810576,-1.2919780927755544,-0.8227281245461451
-0.681734737883437,-0.240625724523622,0.38614333477841783,-1.2149105357542027,-0.8227281245461451
0.005729653632435736,1.38267711907901,1.6966813146276563,-0.7366383436511086,1.5576787457501153
2.755116997813904,0.16377094750436322,-0.37135762291303964,0.5961770542475612,-0.8227281245461451
1.9731380080116498,0.8939884825017316,-1.3018541124846084,3.8126142134622074,-0.8227281245461451
-0.022013437406850498,-0.2644288197759023,-0.77463731896565,-0.9633076290080252,-0.8227281245461451
-0.5514832765633982,-0.45169689891122455,2.034119427651269,0.4896424901298102,-0.8227281245461451
-0.49129487566460767,-1.0814977919303361,-0.11493047724373262,0.36044099747636765,-0.8227281245461451
-0.8307950744843478,2.6828038880736247,0.8530053438541287,-0.8182392863795985,-0.8227281245461451
-0.22514929044026843,-0.16187928395783527,0.02256224025799734,0.9883149179150266,1.5576787457501153
1.4605961566078873,0.32749187864818263,0.21056578003442436,-0.482768744051362,0.3674753106019852
-0.9934918456638908,-0.42576090981913467,-0.1278405915631441,-0.002229859094698805,-0.8227281245461451
-0.4593197876871252,-0.34539346993509185,1.582265426471874,-0.1540982802838329,-0.8227281245461451
-0.5430192826870058,-0.8393716832350994,-1.724337603587343,0.37404115459778275,0.3674753106019852
0.23566815394109616,-1.1779899092433428,-1.0893213555013,0.06803761936594525,-0.8227281245461451
0.037704741609918005,-0.9147908094107828,1.6019533508089767,0.2992402904300003,-0.8227281245461451
-1.2662205372365352,2.8008808910455083,0.43746103919807783,-0.7729054293082153,-0.8227281245461451
-1.137379741562562,0.8212994604410052,-1.2310098601568389,1.5300545099180574,-0.8227281245461451
-0.6507000936699981,-2.5839082126925352,-0.9587678244462532,-0.40116780132287194,0.3674753106019852
1.104167970035362,0.583268507918204,-1.8468223131927575,-0.5077023654406229,0.3674753106019852
-0.36198385810861244,-0.4032375508707402,3.806355370848454,0.6755113041224818,1.5576787457501153
-1.2210792365624425,-0.9681984711596263,0.4944269186324802,-0.18129859452666292,0.3674753106019852
1.1267386203724086,-0.2603336636034669,-0.7854495397081567,0.6301774470510983,1.5576787457501153
0.27469657014890553,-0.08065868653786826,-0.7935183611577887,0.29470690472286204,-0.8227281245461451
0.533788827142918,0.5910322414951122,0.14068978628061055,-0.12463127318743378,1.5576787457501153
-1.1543077293153468,0.03178747669691713,-0.15043329162211394,0.2153726548479409,1.5576787457501153
-0.2265599560863339,-0.5292489189267182,0.48522846217989973,1.5799217526965792,1.5576787457501153
0.8069877405975839,-0.6512504465638532,0.054353396769547625,1.27845160317188,-0.8227281245461451
-1.1049344317030576,0.8839212235778285,-1.289428127452175,2.4140647228100316,-0.8227281245461451
-0.23220261867059555,0.6131290216755446,-0.016813608416207063,-0.6278370866797885,0.3674753106019852
-0.11417692628312348,1.4104900547501338,-0.9106776486064463,-0.11103111606601887,-0.8227281245461451
0.2206210537163985,0.23475365449324162,0.22347589435383583,1.500587502821658,1.5576787457501153
1.7808172582647332,0.4279938363800319,1.6548848195185626,-0.21983237303733874,1.5576787457501153
-0.36668607692883054,0.602635183983679,-0.14204171731449644,-0.4963689011727771,-0.8227281245461451
-1.004777170832414,0.4543564042400844,-0.2174045096540601,-0.317300165740813,-0.8227281245461451
0.8051068530694968,0.4497493535460945,-0.6093878556771853,-0.10649773035888044,0.3674753106019852
-0.7776600018158845,1.2675008517292676,0.7574704978904849,3.9667493275049104,1.5576787457501153
-0.7635533453552302,-0.35110962542578295,0.5597843723744995,-0.9837078646901477,1.5576787457501153
1.46388770978204,0.977683236775878,-2.4040551225043476,-0.5077023654406229,1.5576787457501153
-0.48612243496236784,-0.12536414142028698,0.9261088661877952,0.5599099685904545,1.5576787457501153
-0.31449144802441065,1.5859845598897042,0.32352928032927314,1.1129830248613308,0.3674753106019852
-0.953052763810016,1.976218816821351,0.9687122434418522,3.8035474420479307,0.3674753106019852
0.07156071711548793,0.5104941701038848,-1.0363898867917136,-0.5915700010226821,-0.8227281245461451
-0.8124564210854976,0.5518723105961999,-1.94961909846107,-0.5009022868799153,0.3674753106019852
0.08660781734018524,0.42270425965730346,-0.22579608396167716,0.4896424901298102,1.5576787457501153
-0.7931773239226038,-0.1301418236214615,-0.5077207054118212,-0.3830342584943188,1.5576787457501153
1.18974835256333,0.7846990021498647,-0.17254186239410585,-0.6550374009226185,-0.8227281245461451
1.6533871282368255,0.8869925907071546,-2.0154606814900675,0.5349763472011934,0.3674753106019852
2.3723563858481582,0.1939727242760737,-1.2882984924492265,-0.7185048008225553,1.5576787457501153
-0.3991313867883348,0.2490867010967652,-0.07329535856363147,0.31057375469784587,0.3674753106019852
-0.1259324733336685,2.00991853949035,0.7728012586447861,-0.5326359868298836,1.5576787457501153
-0.827973743192217,-0.09217631327284272,-0.5030407889710348,-0.47370197263708536,0.3674753106019852
-0.9930216237818691,1.7006489327178929,-0.7970686425956268,0.3151071404049845,-0.8227281245461451
-0.43533847170401346,-0.25291119304092785,0.423421289875718,0.3264406046728301,-0.8227281245461451
2.283484450146038,0.9354519387476391,-0.4514003316933898,-0.9429073933259028,0.3674753106019852
-0.556655717265638,-0.7607105584229048,0.36177549400052916,-0.7706387364546462,1.5576787457501153
0.5121586205699151,-0.328074371955834,-0.17092809810417908,1.6161888383536858,-0.8227281245461451
1.0562053380691385,-1.3145804307447784,-1.00072569598434,-0.4147679584442871,1.5576787457501153
1.5099694542201763,0.9191566298114906,-1.7940522209121639,-1.1537098287078351,0.3674753106019852
-0.9596358701583212,-1.2028167935387317,0.1776449885199257,0.5304429614940551,-0.8227281245461451
0.4580831041374081,0.2792031621148829,0.5823770724334694,-1.0199749503472544,-0.8227281245461451
-0.8679426031640701,-0.5870929998623665,-0.9737758323425689,1.210450817564805,-0.8227281245461451
1.2682754068609705,0.7834192658459788,0.3451537218142871,1.416719867239599,-0.8227281245461451
0.8333201659908049,-0.043631649478766014,0.8872171468005687,1.3985863244110457,-0.8227281245461451
-0.37091807386702674,1.7159204526109326,0.4129318219911962,-0.6709042508976027,-0.8227281245461451
-1.2333050054950092,-1.1400243988947238,-0.7804468704093848,-0.2923665443515521,1.5576787457501153
3.831454885761806,-1.0289432877174165,0.8534894731411067,-0.6981045651404328,1.5576787457501153
0.07015005146942248,-0.23380046423623022,-1.422563681371104,-0.6686375580440337,-0.8227281245461451
1.1638861490521308,0.6425629566649232,0.03773162458330557,-0.14276481601598712,1.5576787457501153
1.3566771206810693,0.3939528506966639,-0.9437598165499377,-0.4306348084192713,1.5576787457501153
0.9950764934063042,0.3710882287339001,1.3882909588227197,-0.48730212975850046,-0.8227281245461451
-0.9836171861414329,0.2511342791829829,0.6249804496875269,0.35817430462279853,-0.8227281245461451
0.7044793703168314,0.7503167534521269,1.2396632677204966,-0.44876835124782466,0.3674753106019852
0.9160792172266418,-0.500838772980448,-0.8561324156069334,-0.5825032296084054,0.3674753106019852
0.22861482571076921,0.3739889643560416,1.2938857478620243,0.7253785469010032,-0.8227281245461451
-0.4499153500466892,-1.6098582539280817,-0.7307429302796516,-0.33543370856936633,1.5576787457501153
-0.14474134861454063,-0.32653868839117123,1.548699129241405,-0.11103111606601887,1.5576787457501153
0.1994610690254177,-0.01786629189386077,-2.0580640587441246,0.19497241916581845,-0.8227281245461451
-0.9398865511134055,-0.023241184370182053,0.4753845000113484,-0.3966344156157337,1.5576787457501153
1.2442940908778588,0.6751535745372207,-0.43526268879412566,-0.28556646579084455,-0.8227281245461451
-0.8585381655236342,-0.6310306129624539,0.4479505070825996,-0.09743095894460375,1.5576787457501153
0.18770552197487267,-0.21989399640066873,0.41680485628701974,0.027237148001700327,1.5576787457501153
-0.9817362986133458,0.4750028166094458,0.4282625827454974,-1.1990436857792184,1.5576787457501153
-0.4809499942601281,0.4604991384987371,1.454778047567688,-0.3966344156157337,1.5576787457501153
-0.7461551357204237,-0.5730159005196204,-0.5043318004029761,0.5077760329583635,-0.8227281245461451
-0.7668448985293829,-1.0624723788792303,0.23025370437152656,0.14510517638729706,0.3674753106019852
0.752912224165077,-0.09320010231595158,-0.11880351153955615,-0.08836418753032708,1.5576787457501153
-1.1058748754671013,-0.3269652671591328,0.28302379665212035,1.2195175889790817,-0.8227281245461451
0.02830030396948219,0.2694771662053492,-0.2604920161950951,-0.5847699224619746,1.5576787457501153
2.8877195685440524,0.48404628649024045,-0.43623094736808155,0.4601754830334109,-0.8227281245461451
0.9400605332097538,1.3810561197607547,-0.3155213784815857,-0.6822377151654486,0.3674753106019852
-1.0771913406637714,-0.020681711762409898,0.5689828288270804,-0.4759686654906545,-0.8227281245461451
-0.43674913735007875,0.5040101728308622,0.09518163330468585,-0.5757031510476979,-0.8227281245461451
1.921413600989252,-0.4715754694982546,-1.242628963044309,0.14737186924086618,-0.8227281245461451
3.909981940059447,1.4196188403845202,0.050318986044731596,0.12697163355874372,1.5576787457501153
0.538491045963136,-0.2465978272750905,0.8563942488629743,1.255784674636188,0.3674753106019852
-0.06292274114274721,0.3023237313384241,-0.436876453084052,-1.0381084931758078,1.5576787457501153
-0.5317339575184825,-0.23226478067156692,-0.8842119142516531,-0.002229859094698805,-0.8227281245461451
-0.9074412412539014,-2.22745899418348,0.4715114657155249,-0.7253048793832628,-0.8227281245461451
-1.0320500399896784,-2.041385335598451,-1.0320327232089124,1.8088577309070648,-0.8227281245461451
1.4530726064955382,-1.0683591658771063,1.308248250042369,-1.056242036004361,1.5576787457501153
1.896962063124118,0.4930897563710351,-0.9463418394138199,2.5976668439491344,-0.8227281245461451
0.5286163864406782,-2.37522587940552,-1.0768953704688666,0.324173911819261,1.5576787457501153
-0.23737505937283532,0.40564110893882305,-0.1869043645744507,1.020048617864995,1.5576787457501153
-0.7442742481923365,0.6072422346776689,-0.32520396422114406,0.9701813750864732,1.5576787457501153
-0.06574407243487795,-0.3025649616317062,-0.0908853893238294,3.9667493275049104,1.5576787457501153
-0.03659031574952643,0.5375392639926764,1.6624695116812171,-0.9270405433509186,-0.8227281245461451
-1.000545173894218,0.5714096181688597,0.8494550624162907,-0.6867711008725871,-0.8227281245461451
0.8046366311874751,-0.5609863792630915,-0.5630728205562973,0.5757768185654383,1.5576787457501153
-1.125624194512017,-1.914520810006549,-1.5221329380595636,-0.305966701472967,1.5576787457501153
-0.9032092443157052,1.208121087228956,0.5402578244663903,1.9992599306068746,1.5576787457501153
-0.1343964672100609,0.16974305025583128,-1.481466077953418,-0.9247738504973494,0.3674753106019852
0.7524420022830552,-1.283269549176367,0.8463889102654305,0.42390839737630415,-0.8227281245461451
-0.9784447454391931,0.8544019728348572,0.222023506492902,2.5047324369527986,0.3674753106019852
1.024230250091656,1.0478127862288327,-0.5832448741803774,0.9021805894793985,-0.8227281245461451
-0.8472528403551108,0.6161150730512784,0.3327277367818536,0.7707124039723868,1.5576787457501153
0.47407064812614913,-0.32542958359446955,0.8896377932354584,-0.5031689797334845,0.3674753106019852
-1.109166428641254,0.8439081351429916,0.7129306034885161,-0.3309003228622279,-0.8227281245461451
-0.7438040263103147,-0.5405959141545076,0.22896269293958524,-1.3078449427505385,0.3674753106019852
-0.6789134065913063,-0.3172392712495991,0.21266367361132862,-0.9678410147151637,-0.8227281245461451
0.6804980543337197,-2.5839082126925352,-0.10766853793906395,0.8364464967258924,0.3674753106019852
-0.1132364825190799,0.559721359926701,1.1480014560526768,-0.9247738504973494,1.5576787457501153
-0.13674757662016992,1.5443504721366121,-1.269256073828095,0.8976472037722603,-0.8227281245461451
0.6160776564967331,-0.8961066593740465,-2.141657048962313,-1.1491764430006968,-0.8227281245461451
0.8831636854851159,-1.6692380184283933,0.28818784237988476,-0.9338406219116261,1.5576787457501153
0.12093401472777689,0.7080001396702956,0.07517095610959866,0.9928483036221651,-0.8227281245461451
-0.1090044855808837,-1.6258976156034533,1.0298739100300636,1.4371201029217215,1.5576787457501153
-0.6403552122655185,1.6573085298929524,0.3548363075538455,-0.7207714936761244,-0.8227281245461451
0.023598085149264116,-0.22646330942728352,0.346121980388243,-0.19716544450164716,1.5576787457501153
-1.0607335747930082,0.35402507801541977,0.3238520331872586,-0.4533017369549629,1.5576787457501153
-0.4649624502713869,0.2943040505007384,0.7253565885209496,-0.7615719650403695,-0.8227281245461451
-0.5970947991195128,0.8869072749535624,0.8391269709607614,1.5867218312572864,-0.8227281245461451
-0.8811088158606803,0.22050592364331034,-0.05731909209335984,-0.20169883020878537,-0.8227281245461451
2.4203190178143825,1.5667031995778213,-0.3539289685818342,-1.0539753431507917,0.3674753106019852
-0.7391018074900967,0.9456045134251349,-0.8146586733558248,1.4371201029217215,-0.8227281245461451
-1.0503886933885287,1.0354420019579345,0.13939877484866967,0.8568467324080149,0.3674753106019852
-0.4099464900748361,0.1737528906746744,-0.3782968093597233,-1.121976128757867,1.5576787457501153
0.2935054454297778,0.1775920995863324,1.5848474493357567,-0.757038579333231,1.5576787457501153
0.025478972677351282,-0.21895552311115218,0.9522518476846031,0.5077760329583635,-0.8227281245461451
-0.24348794383911868,1.176554258399767,-0.5469351776570331,3.9667493275049104,-0.8227281245461451
0.6099647720304495,0.636164275145493,-1.0181543503155452,-0.8295727506474445,-0.8227281245461451
-1.18393170788272,-0.6660953876889307,0.7140602384914645,-0.6074368509976661,-0.8227281245461451
-0.3285981044850647,2.1252654383472773,-0.7071819716467259,1.9516593806819218,1.5576787457501153
2.1353645573091713,1.8188965671969612,0.18926409140739583,-1.0879757359543294,-0.8227281245461451
-0.45696867827701615,-0.7021839514585169,-1.8155152859681851,-0.42610142271213286,-0.8227281245461451
1.3571473425630909,0.4872882851267517,0.27689149235040006,-0.7865055864296302,-0.8227281245461451
-0.7278164823215735,0.41886505074564495,0.30803714314597946,0.6437776041725134,-0.8227281245461451
-0.5434895045690274,0.45597740355834004,2.411094765778079,-1.4733135210610875,-0.8227281245461451
-0.6521107593160635,0.6597967388905882,0.7161581320683692,-0.6029034652905279,0.3674753106019852
0.1806521937445454,-1.2862556005521009,0.5765675209897345,-0.8885067648402427,1.5576787457501153
0.8032259655414097,0.12188091249049364,1.2220732369602991,-1.369045649796906,-0.8227281245461451
0.21450816925011532,0.3242498800116714,0.2060472400226304,0.4511087116191344,1.5576787457501153
-0.7118289383328322,-0.20914421144802567,-1.0638238797204627,0.22897281196935604,-0.8227281245461451
-0.8124564210854976,-0.9410680615172424,0.9327252997764934,1.9153922950248152,-0.8227281245461451
-0.4358086935860352,-1.64816502729107,-0.5098185989887255,-0.058897180433927956,-0.8227281245461451
-0.8594786092876777,0.3112818854656264,0.4652177849848121,0.5236428829333477,1.5576787457501153
-1.1806401547085674,-0.16213523121861226,1.0285828985981222,2.28259653730302,-0.8227281245461451
-0.8665319375180046,-0.7870731262829568,-0.14559199875233453,0.13377171211945107,-0.8227281245461451
1.1488390488274332,1.1729709967488864,-0.06990645355478586,0.10430470502305193,1.5576787457501153
0.9861422776478902,1.4409477787826208,-0.30035199415627745,-0.06569725899463551,-0.8227281245461451
-0.5782859238386409,0.5442792085264763,-0.09540392933562337,0.4919091829833793,0.3674753106019852
-0.48706287872641146,-1.3750693000417913,-0.6687743815464774,2.8560698292560196,-0.8227281245461451
0.9123174421704674,1.336094717617559,-0.21078807606536187,-1.1038425859293135,0.3674753106019852
-0.3610434143445689,1.6887900429685483,0.42697157131355606,-0.015830016216113914,1.5576787457501153
-0.4729562222657574,-0.6979181637788968,0.1494041134462135,-0.5938366938762512,-0.8227281245461451
-0.4898842100185424,-0.7508992467597783,0.32514304461919946,-0.09063088038389641,-0.8227281245461451
-1.1693548295400444,-0.854557887374547,-0.37281001077397347,-1.0131748717865467,0.3674753106019852
-0.5519534984454201,-0.5013506675020024,1.2178774498064902,-1.369045649796906,0.3674753106019852
0.6193692096708857,1.431733677394641,-0.274047636230477,-0.47143527978351624,1.5576787457501153
2.55292158854453,-0.033990969322824624,-0.32084680063834303,-1.27611124280057,-0.8227281245461451
-0.27781414122671017,-0.5280544983764243,-0.21546799250614834,0.7004449255117425,-0.8227281245461451
-0.7386315856080748,-0.6874243260870312,0.7382667028403607,0.4533754044727035,-0.8227281245461451
0.034413188435765386,0.6710584183647853,1.1378347410261405,-0.6369038580940652,0.3674753106019852
-0.4889437662544986,-0.4712342064838848,0.7485947942958899,-0.9338406219116261,1.5576787457501153
0.37955604983976726,2.3956310614815988,-0.07345673499262395,0.10203801216948281,-0.8227281245461451
1.4168655215798598,-0.8119000105783459,-1.2414993280413607,-0.07929741611605041,0.3674753106019852
-0.764493789119274,0.8992780592244606,-0.4126699887351558,-1.1741100643899578,-0.8227281245461451
0.5549488118338988,-0.9706726280138059,0.08049637826635556,-1.2965114784826925,-0.8227281245461451
-1.04286514327618,-0.8760574572798321,-1.2105150536747735,0.3423074546478143,1.5576787457501153
2.3182808694156516,0.21171840102329317,-0.3581247557356432,-0.9701077075687328,-0.8227281245461451
-0.955403873220125,-0.8479032585943396,-0.006001387673699849,-0.19489875164807804,-0.8227281245461451
-0.7315782573777478,0.06139204319348085,-1.9105660026448508,1.745390331007128,1.5576787457501153
-0.3981909430242911,-0.9867119896891775,-1.3480077711765037,-1.0494419574436535,-0.8227281245461451
-0.5994459085296219,-0.44222685026246833,0.054837526056525566,0.4647088687405495,1.5576787457501153
-0.19834664316502576,-0.6183185656771859,1.0590830436777317,0.5531098900297466,-0.8227281245461451
-0.47248600038373567,-1.1217668276259498,0.5697897109720433,-0.20169883020878537,1.5576787457501153
1.1526008238836076,1.1266445425482121,0.4348790163341956,-0.5553029153655754,1.5576787457501153
-0.18988264928863338,-1.6605358115619684,-0.39185242939510523,-0.4601018155156704,-0.8227281245461451
0.3616876183229387,0.07316561718923228,1.158652300366191,0.8908471252115525,1.5576787457501153
1.9783104487138896,-1.9897693046750478,-1.542143615254651,-0.9973080218115626,-0.8227281245461451
1.8320714434051095,-1.2929955450859005,0.4632812678369003,0.6415109113189443,-0.8227281245461451
-0.37656073645128835,-0.050627541273342916,-0.9272994207926883,1.3441856959253857,-0.8227281245461451
-0.24489860948518413,0.9193272613186753,-0.5585542805445033,1.063115782082809,1.5576787457501153
-0.36903718633893956,0.825053353599071,0.12697278981623614,-0.482768744051362,-0.8227281245461451
1.0284622470298521,-1.1737241215637229,1.933097783101876,0.1383050978265893,0.3674753106019852
-1.1749974921243058,0.37535401641352023,-0.08555996716707204,-1.0381084931758078,-0.8227281245461451
3.948069912503213,-0.40852712759346915,-1.1934091522015535,1.2195175889790817,1.5576787457501153
1.2419429814677496,1.5936629777130202,-1.1128823141342257,-0.6346371652404961,-0.8227281245461451
0.04240696043013608,-1.963065473800626,0.5436467294752354,0.11563816929089772,1.5576787457501153
0.23566815394109616,-0.9251993313490559,0.14520832629240452,0.6075105185154067,0.3674753106019852
-0.12452180768760304,0.8441640824037691,1.224009754108211,0.3264406046728301,1.5576787457501153
-0.6398849903834967,-1.5101241379785635,0.6232053089686076,0.11790486214446684,-0.8227281245461451
-0.9525825419279943,1.116406652117124,1.2812983864005987,-0.5643696867798521,1.5576787457501153
0.43974445073855783,0.44864024874939334,1.4605875990114223,-0.22209906589090805,1.5576787457501153
-0.34881764541200216,-1.3824917706043305,-0.5104641047046964,-0.6822377151654486,-0.8227281245461451
0.23237660076694353,0.441132462433262,1.266935884220253,-0.43970157983354796,1.5576787457501153
1.149309270709455,-0.38421213781963487,0.4153524684260859,0.09750462646234438,1.5576787457501153
1.8899087348937913,0.29925236420909757,-0.8186930840806408,-0.9814411718365785,-0.8227281245461451
-0.5872201395970551,0.046547102068402825,-0.3866883836673404,0.5757768185654383,-0.8227281245461451
-0.4043038274905746,1.0726396705242214,0.2631744958860252,0.03403722656240788,-0.8227281245461451
-0.9074412412539014,1.2282556050767626,-1.1792080264502012,-0.8386395220617211,0.3674753106019852
0.02830030396948219,0.5020479104982369,1.035037955757828,0.21083926914080267,-0.8227281245461451
0.903853448294075,1.4122816855755735,-0.8030395704683546,0.06803761936594525,-0.8227281245461451
-1.3146533910847809,0.4881414426626754,-1.3176690025258873,-0.24703268728016875,1.5576787457501153
0.4279889036880128,0.32604151083711164,-0.14946503304815806,-0.3513005585443504,0.3674753106019852
0.7209371361875945,0.12239280701204808,-2.0562889180252055,0.19270572631224933,-0.8227281245461451
-0.5670005986701175,-1.1628890208574876,0.2827010437941349,0.34457414750138343,1.5576787457501153
-1.099291769118796,-1.726484889088895,-0.29325143128060127,1.1923172747362516,-0.8227281245461451
1.2922567228440822,1.3686000197362638,-0.39362757011402405,3.9667493275049104,-0.8227281245461451
1.9162411602870115,-1.3948625548752287,1.1218584745558688,1.57765505984301,-0.8227281245461451
-1.1778188234164368,0.07589572130418909,-0.37523065720886317,-0.6278370866797885,0.3674753106019852
-0.11887914510334155,2.0187060621103674,1.0707021465652018,-1.0879757359543294,-0.8227281245461451
0.7712508775639272,-0.9368022738376224,0.7931346886978587,0.6437776041725134,1.5576787457501153
-0.8213906368439119,0.42551967952585257,0.1947508899931457,-0.6867711008725871,-0.8227281245461451
-0.022013437406850498,-1.8396135783524201,1.1725306732595584,-0.6233037009726503,-0.8227281245461451
1.8344225528152185,0.20625819279337956,2.205178442383469,0.9679146822329041,1.5576787457501153
-0.8914536972651601,-0.7377606207065487,1.0016330349563514,1.7952575737856498,1.5576787457501153
2.328625750820131,0.9392911476592971,0.36306650543247004,1.0245820035721331,-0.8227281245461451
0.3292423084634346,0.690083831415891,0.7445603835710739,-0.2266324515980463,0.3674753106019852
-0.3191936668446286,1.9848357079341834,-0.5974459999317298,-0.9406407004723334,-0.8227281245461451
0.020776753857133373,-0.285416495159633,-1.687382401348028,-0.8250393649403062,-0.8227281245461451
-0.8350270714225441,1.404432636245073,-0.8759817163730284,0.881780353797276,0.3674753106019852
-0.30038479156375664,-0.5629486415957169,1.1957688790344987,0.5440431186154703,-0.8227281245461451
0.2361383758231182,0.03690642191246144,1.1670438746738085,0.39897477598704345,-0.8227281245461451
-0.7691960079394918,0.35180686842201736,-0.9302041965145558,1.0495156249613944,-0.8227281245461451
0.7618464399234914,1.2163113995738266,-0.5701733834319734,1.1968506604433897,-0.8227281245461451
2.938033309920385,1.0740900383352923,-0.08362345001916027,-0.7139714151154171,0.3674753106019852
1.2569900816924473,0.08400071789546718,0.01691406524325499,1.9675262306569061,-0.8227281245461451
-0.17671643659202307,-0.38992829331032547,0.5605912545194629,1.403119710118184,1.5576787457501153
-0.32906832636708644,0.5410372098899645,-0.132843260861916,-0.0520971018732206,-0.8227281245461451
0.6696829510472184,0.717896767087014,-0.1139622186697772,-1.4438465139646883,1.5576787457501153
-0.7127693820968758,-0.35187746720811436,-1.270547085260036,-0.6414372438012037,1.5576787457501153
-0.8604190530517213,2.658744845560567,-1.2248775558551186,-0.9361073147651952,-0.8227281245461451
1.1060488575634495,0.16470942079387976,-0.48060946534105786,-1.1809101429506652,-0.8227281245461451
0.09695269874466514,-1.4347903275564728,0.6700044733764736,-0.18809867308737047,1.5576787457501153
-0.8956856942033563,-0.47805946677127703,-1.489050770116072,-0.33543370856936633,1.5576787457501153
0.2173295005422459,-0.9272469094352733,-1.1976049393553623,0.04537069083025367,0.3674753106019852
1.8071496836579541,0.05994167538240988,-0.46689246887668295,-0.6754376366047412,-0.8227281245461451
0.3132547644746932,1.0212795868615956,-1.0714085718831168,-0.6799710223118794,-0.8227281245461451
1.905896278882532,-0.259309874560358,0.4171276091450052,-0.10649773035888044,-0.8227281245461451
-0.11088537310897087,1.5761732482265782,0.04305704674006293,-0.5009022868799153,1.5576787457501153
-0.339413207771566,-1.5565359079328305,-0.06684030140392572,0.9520478322579199,0.3674753106019852
-0.31966388872665047,-0.2597364533283201,1.2436976784453126,-0.4918355154656387,-0.8227281245461451
0.16983709045804413,-1.1420719769809415,0.0025515630629101495,-0.9701077075687328,-0.8227281245461451
-1.1402010728546927,-0.8694881442532173,-1.3241240596855928,-0.6550374009226185,-0.8227281245461451
-0.8275035213101951,-1.2915451772748299,0.9958234835126161,2.704201408066885,-0.8227281245461451
-0.9798554110852586,-1.747899143240588,0.2877037130929068,0.34457414750138343,1.5576787457501153
-1.0151220522368938,1.0981490808483496,0.07387994467765734,0.004570219466008548,-0.8227281245461451
0.22861482571076921,1.2498404907356406,-0.054252939942499696,-0.7185048008225553,-0.8227281245461451
1.4930414664673914,-1.4228461220535364,0.07952811969239967,-0.7638386578939387,-0.8227281245461451
-1.356503138584721,-1.4822258865538482,-1.1540333035273491,-0.8885067648402427,-0.8227281245461451
-0.08126139454159746,1.1980538283050526,-2.0792043709421604,-0.9995747146651319,1.5576787457501153
-0.5486619452712674,1.420045419152482,-0.05522119851645558,0.46924225444768775,-0.8227281245461451
-0.8119861992034757,1.6261682798317258,1.6884511167490317,-0.20396552306235471,-0.8227281245461451
2.9648359571956275,0.9218014181728551,-1.2531184309288308,-0.07023064470177375,0.3674753106019852
-1.2817378593432547,1.4660306103387875,0.8710795039013046,-0.7955723578439069,1.5576787457501153
-0.6760920752991754,-1.0192172918078826,0.2604310965931505,0.1111047835837595,0.3674753106019852
-1.309480950382541,-1.8683649873130597,0.6685520855155398,1.554988131307318,1.5576787457501153
-0.5505428327993546,0.49641707076113867,-0.8017485590364133,-0.12463127318743378,0.3674753106019852
0.7054198140808752,-1.2279849408484902,-0.3437622535552979,2.325663701520835,0.3674753106019852
1.1370835017768883,-1.670261807471502,-0.0858827200250575,-1.4143795068682894,-0.8227281245461451
-0.7315782573777478,-0.10787441193384448,0.6307900011312617,-0.08836418753032708,-0.8227281245461451
-0.9328332228830786,1.8910736947361335,0.34047380537350064,-0.7593052721868002,-0.8227281245461451
-0.10712359805279653,1.287720685330667,1.2913037249981425,-0.8431729077688594,1.5576787457501153
-0.9196670101864681,1.4321602561626037,0.2229917650668579,-0.9338406219116261,-0.8227281245461451
-0.10947470746290558,-0.6811962760747862,-0.35570410930075347,-0.4170346512978562,0.3674753106019852
-0.9840874080234548,0.6738738382333349,-2.41583560182081,0.009103605173146984,-0.8227281245461451
-1.054620690326725,-0.10215825644315389,0.5936734224629545,1.063115782082809,0.3674753106019852
-1.2558756558320556,0.13937064197693613,1.4097540238787407,-0.4669018940763778,-0.8227281245461451
-0.884400369034833,0.6577491608043705,0.0819487661272894,2.1080611875781945,1.5576787457501153
0.4364528975644052,-0.19660279566994282,0.09970017331647982,0.11337147643732862,-0.8227281245461451
-0.4381598029961442,-0.5862398423264428,1.4349287468015928,-0.3921010299085955,-0.8227281245461451
1.5852049553436642,1.5226802707241422,0.29351326453664167,-1.3509121069683525,0.3674753106019852
0.1660753154018698,-0.08808115710040727,1.3453648287106768,-0.41930134415142534,0.3674753106019852
0.2370788195871616,-1.246754406638819,-0.4309055252113242,0.30830706184427675,-0.8227281245461451
2.049784174781203,0.1752032584857449,0.10502559547323718,-1.069842193125776,-0.8227281245461451
2.978002169892238,1.0525051526764149,0.3325663603528611,0.24257296909077114,-0.8227281245461451
-1.1735868264782405,0.44369193504103416,1.1617184525170512,2.0060600091675824,-0.8227281245461451
-0.37750118021533197,0.020099218454758504,0.31626734102460446,-0.9610409361544561,1.5576787457501153
-0.04646497527198428,0.1392000104697515,0.2147615671882329,1.6229889169143932,-0.8227281245461451
0.2088655066658535,-0.06828790226697007,2.2353558346050932,-1.3758457283576135,1.5576787457501153
-0.7264058166755081,0.19380209276888857,-0.02568931201080205,1.2059174318576666,0.3674753106019852
0.5587105868900735,0.23535086476838837,-0.5800173456005248,0.539509732908332,-0.8227281245461451
0.6090243282664062,-0.1588079168285087,-0.26517193263588157,-0.7343716507975395,-0.8227281245461451
2.213891611606812,-0.7161757350476707,0.8581693895818931,-0.6890377937261561,1.5576787457501153
-0.4235829246534685,0.5464974181198786,0.30803714314597946,0.8999138966258293,-0.8227281245461451
-0.41182737760292343,-0.17928369769068497,-0.5474193069440111,0.5213761900797786,1.5576787457501153
-0.7475658013664891,-0.34027452471954756,-1.0383264039396254,-1.230777385729187,-0.8227281245461451
-0.2745225880525575,-0.051566014562859454,0.2544601687204227,-1.1174427430507285,-0.8227281245461451
1.146958161299346,-1.5074793496171994,1.2751660820988784,-0.14956489457669467,-0.8227281245461451
0.7491504491089026,0.9514059846694183,1.5180376077328026,-0.6550374009226185,-0.8227281245461451
-0.5270317386982646,0.15148547898705736,0.16021633418872025,-0.1291646588945722,1.5576787457501153
3.219696217251444,-1.042423176785016,-0.7270312724128205,-0.17449851596595536,1.5576787457501153
-1.0903575533603818,2.0810718779864126,-1.7687161215603193,0.3287072975263992,-0.8227281245461451
-0.1630800020133907,0.32373798549011695,-0.34053472497544524,0.4511087116191344,-0.8227281245461451
-0.8773470408045061,-1.1354173482007341,-0.4810935946280358,1.255784674636188,1.5576787457501153
-0.6873774004676986,-0.34803825829645635,1.7651049205205362,-0.7525051936260928,-0.8227281245461451
-0.7513275764226635,1.7358843389515548,-2.41583560182081,-1.0743755788329143,-0.8227281245461451
-0.5256210730521991,-1.021179554140508,-0.6324646850231331,-0.11783119462672623,-0.8227281245461451
-1.3014871783881703,2.994803598961038,0.31755835245654535,-0.6777043294583104,0.3674753106019852
-0.9380056635853183,0.5738837750230396,2.7820991760321614,0.732178625461711,0.3674753106019852
0.4392742288565358,0.7236982383312974,0.18829583283343995,0.24710635479790938,-0.8227281245461451
-0.8519550591753289,-0.28669623146351936,-1.7682319922733414,3.9667493275049104,-0.8227281245461451
-1.1265646382760606,-2.32480426903241,1.1149192881091852,-0.8726399148652586,-0.8227281245461451
-0.16402044577743446,-0.8922674504623885,-0.9537651551474815,0.70724500407245,1.5576787457501153
-0.8260928556641298,0.13442232826857697,1.1639777225229484,1.0359154678399791,-0.8227281245461451
-0.07279740066520507,-1.4368379056426905,1.236758491998629,0.2652398976264627,-0.8227281245461451
-1.179699710944524,-0.4254196468047649,-0.4468817916815958,0.2992402904300003,1.5576787457501153
-0.6582236437823469,0.5644137263742828,-1.2947535496089322,0.48284241156910285,-0.8227281245461451
3.7477553907619257,-1.3783112986783026,-0.5119164925656302,-0.7049046437011404,-0.8227281245461451
-1.1077557629951884,-0.39035487207828756,0.5104031851027518,1.858724973685586,-0.8227281245461451
-1.000074952012196,2.015464063473856,-0.3450532649872392,-0.4215680370049946,-0.8227281245461451
-0.3285981044850647,0.8835799605634588,-0.8482249705862941,1.1447167248112993,-0.8227281245461451
4.019543638570527,0.6100576545462181,-0.6915284580344397,-0.4941022083192078,-0.8227281245461451
-0.6563427562542598,-1.949073690211472,-1.5132572344649682,-0.1654317445516789,0.3674753106019852
0.041936738548114375,0.26239595865717996,-0.47899570105113104,-0.534902679683453,1.5576787457501153
-0.48706287872641146,1.0988316068770891,1.5816199207559032,-0.9361073147651952,-0.8227281245461451
1.2823820633216247,0.4529913521826058,-0.3979847336968255,0.07710439078022192,0.3674753106019852
-0.4184104839512285,-0.10949541125210058,-0.6243958635735011,-1.0653088074186376,0.3674753106019852
0.6466420788281501,0.8818736454916108,2.239390245329909,0.31964052611212274,1.5576787457501153
-0.06621429431689983,0.8921968516762914,-0.7823833875572965,-0.6006367724369588,-0.8227281245461451
-0.9760936360290843,0.4065795822283391,-0.23015324754447863,0.612043904222545,0.3674753106019852
-0.9511718762819288,-0.1619645997114276,-0.5094958461307405,-0.6845044080190177,-0.8227281245461451
-0.4809499942601281,0.5008534899479434,-0.9247173979288059,1.0699158606435168,0.3674753106019852
0.9137281078165329,-0.299322962995195,1.779144669842896,-0.8703732220116894,-0.8227281245461451
-0.8072839803832577,0.5229502701283758,-0.02649619415576544,0.4397752473512884,1.5576787457501153
1.0289324689118742,-0.6361495581779977,-0.6029327985174796,-0.20849890876949295,-0.8227281245461451
-0.8416101777708493,0.33960671565830386,0.8086268258811524,0.29470690472286204,-0.8227281245461451
-0.3328301014232609,-1.264414767632446,-1.235044270881655,-0.25156607298730715,-0.8227281245461451
-0.9986642863661306,-1.6634365471841102,-0.6803934844339475,-0.6119702367048045,1.5576787457501153
-0.005555671536087574,-0.24446493343528045,0.44859601279857003,-0.5983700795833894,-0.8227281245461451
-0.9135541257201847,-0.21997931215426106,1.6076015258237186,-0.32410024430152035,0.3674753106019852
0.7331629051201612,-1.6264948258786,-0.14058932945356262,-1.0539753431507917,0.3674753106019852
-1.0677869030233353,-2.2289946777481426,-0.9292359379405999,0.07710439078022192,-0.8227281245461451
-0.9822065204953676,0.5356623174136432,0.7209994249381482,-1.3373119498469375,-0.8227281245461451
0.9268943205131434,-2.5839082126925352,0.6249804496875269,-0.8227726720867369,-0.8227281245461451
-1.2135556864500936,0.2595805387886308,-0.44365426310174266,0.568976740004731,-0.8227281245461451
-0.49082465378258594,0.6628681060199149,-0.8924421121302777,-0.3558339442514888,1.5576787457501153
1.5649854144167263,-0.10198762493596876,1.2436976784453126,-0.25156607298730715,1.5576787457501153
-1.2276623429107476,-1.0111122952166045,2.101090645683215,-0.8046391292581836,1.5576787457501153
-0.872644821984288,-1.3119356423834139,0.15779568775383054,-1.24891092855774,1.5576787457501153
-0.717001379035072,-0.3354115267647807,-0.7541425124835843,0.16097202636228128,-0.8227281245461451
1.8193754525905212,0.3616181800851434,0.08727418828404675,-0.5870366153155436,-0.8227281245461451
-1.2107343551579628,0.696823775949691,-1.3244468125435782,-1.1197094359042978,-0.8227281245461451
-1.2356561149051182,-0.20539031828996,-0.7523673717646651,-0.317300165740813,-0.8227281245461451
1.8696891939668534,0.5612570434913638,0.24929612299265833,0.26750659048003184,1.5576787457501153
1.2292469906531611,1.2041965625637052,0.33030709034696387,0.7049783112188808,-0.8227281245461451
-0.7174716009170939,0.6719968916543018,0.649186914036423,-0.27196630866942967,-0.8227281245461451
1.1098106326196238,0.6200395977165292,0.31659009388258946,1.264851446050465,-0.8227281245461451
-0.7174716009170939,-0.49990029969093197,-1.5071249301632479,-0.4306348084192713,-0.8227281245461451
-0.7696662298215138,-1.1891662729639476,0.1126102876358913,0.582576897126146,0.3674753106019852
1.7563657203995997,-1.3644048308427412,1.1220198509848613,-0.5485028368048679,-0.8227281245461451
-0.2726417005244704,-0.5146599250624172,-0.2704973547926389,-0.4850354369049311,1.5576787457501153
-0.49129487566460767,0.8503921324160145,0.3574183304177277,-0.23116583730518453,-0.8227281245461451
-0.33988342965358787,0.4792686042890659,-0.9889452166678772,-0.15863166599097134,-0.8227281245461451
-0.8218608587259336,-0.8058425920732851,-0.3939503229720095,-1.24891092855774,-0.8227281245461451
2.8228289488250433,1.1362852227041536,0.26624064803688535,-0.9542408575937485,1.5576787457501153
1.7751745956804714,-0.9718670485640997,-2.1156754438944976,0.539509732908332,0.3674753106019852
0.3010289955421265,0.6849648862003467,1.347139969429596,-1.4733135210610875,0.3674753106019852
-0.8670021594000266,0.3478823437567666,0.14827447844326466,-1.208110457193495,-0.8227281245461451
-0.18235909917628457,0.735898391095011,1.8419201007210333,-0.7389050365046778,-0.8227281245461451
0.2281446038287475,1.7558482252921763,1.3782856202251759,-0.07023064470177375,-0.8227281245461451
-0.006496115300131156,-0.05847659060384403,2.153215232247838,0.3015069832835694,-0.8227281245461451
-0.9949025113099562,-1.3066460656606849,0.3608072354265733,-0.1019643446517422,0.3674753106019852
0.13457044930640907,0.6910223047054076,0.6884013862816349,-0.6958378722868637,-0.8227281245461451
-1.004777170832414,0.17076683929894013,-0.32359019993121774,-0.8749066077188277,1.5576787457501153
-1.3344027101296962,0.5968337127393957,2.0070081875805053,-0.34676717283721215,0.3674753106019852
0.4848857514126507,0.46322924261369436,0.44391609635778356,-0.6142369295583736,1.5576787457501153
-1.0950597721806,-0.08654547353574397,2.6123311727319023,-0.3807675656407495,0.3674753106019852
-0.7480360232485109,-1.190360693514241,0.4111566812722774,-0.5575696082191445,-0.8227281245461451
-0.556655717265638,0.6782249416665473,0.9128759990103987,-0.8839733791331044,-0.8227281245461451
1.564044970652683,0.2909767361106348,0.9696805020158081,-0.6505040152154803,-0.8227281245461451
1.4384957281528623,-0.5120151367010527,-0.5330568047636662,-0.3127667800336746,-0.8227281245461451
0.3809667154858327,-0.5680675868112612,-0.1133167129538063,-0.10876442321244975,-0.8227281245461451
0.5812812372271198,-2.5839082126925352,-0.061676255676161314,-0.6029034652905279,1.5576787457501153
-1.3546222510566337,-1.0636667994295241,-1.6914168120728441,-0.8273060577938752,0.3674753106019852
-1.3325218226016091,-0.6649862828922295,-1.247631632343081,1.0676491677899476,-0.8227281245461451
-1.2681014247646225,-1.4200307021849874,-0.5932502127779212,-0.7887722792831995,-0.8227281245461451
1.7502528359333165,-0.5232768161752502,-0.8404789019946473,0.5417764257619011,-0.8227281245461451
-0.702894722574418,-0.2936068075045039,-0.3418257364073861,-0.9361073147651952,1.5576787457501153
1.1638861490521308,2.1136624958587107,-0.02988509916461103,1.1673836533469908,-0.8227281245461451
0.3856689343060508,-0.4884679887095498,-1.8844230211480428,-0.22436575874447717,-0.8227281245461451
-0.5688814861982049,1.389843642380772,-0.5898613077690756,0.1768388763372651,1.5576787457501153
0.40118625641277017,1.7492789122655614,-0.5135302568555565,0.3309739903799687,0.3674753106019852
-1.2488223276017285,0.6816375718102432,1.5430509542266622,0.0068369123195778665,-0.8227281245461451
0.5474252617215501,1.5309558988226046,0.538159930889486,-0.15636497313740222,1.5576787457501153
0.5751683527608362,-0.8494389421590026,-0.17657627311892188,0.3173738332585536,-0.8227281245461451
-0.34599631411987125,-0.0030213507687827457,-2.41583560182081,0.881780353797276,-0.8227281245461451
-0.12076003263142872,1.1290333836487991,-0.8537117691720439,-0.08383080182318885,-0.8227281245461451
-0.6502298717879764,-0.44111774546576665,0.18361591639265348,-0.6482373223619112,-0.8227281245461451
-0.2801652506368192,-0.5814621601252683,-1.1201442534388943,3.0464720289558294,-0.8227281245461451
-0.0807911726595756,0.33534092797868376,-0.9169713293371593,-0.7683720436010769,0.3674753106019852
-0.22044707162005053,-0.9445660074145309,0.4321356170413205,-1.4415798211111193,1.5576787457501153
-0.1513244549628457,-0.36621051381163794,-0.4058921787174646,0.09750462646234438,-0.8227281245461451
-0.2256195123222903,-0.10983667426646987,1.9147008701967152,-0.23796591586589208,-0.8227281245461451
0.6221905409630163,1.9219579975365833,0.1828090342476901,1.3487190816325239,1.5576787457501153
1.8964918412420966,-0.6446811335372379,-0.2877646326948514,0.5372430400547624,1.5576787457501153
-0.00038323083384779325,1.793131209612056,0.8116929780320126,0.3536409189156603,0.3674753106019852
-0.28533769133905895,-0.8532781510706609,-0.5046545532609611,-0.632370472386927,1.5576787457501153
-0.09113605406405532,0.8202756713978964,-1.3233171775406296,-1.4098461211611508,0.3674753106019852
2.389284373600943,1.8279400370777563,-0.47641367818724883,0.3015069832835694,-0.8227281245461451
-0.18235909917628457,0.24780696479287936,1.7300862354291338,-0.9701077075687328,1.5576787457501153
-0.5068121977713271,-1.2881325471311338,-0.5827607448933995,-0.8590397577438436,-0.8227281245461451
